<?xml version="1.0"?>
<erm_chunk type='COMPOSED'>
	<erm_chunk_guideline>
		<erm_chunk_interface>
			<situation>
				<product_part> 	ORGANIZATION CONTEXT</product_part>
				<product_part> 	Readiness level</product_part>
				<usage_condition>
					<condition object='stakeholder' attribute='Skill' value='Dematel'/>
				</usage_condition>
			</situation>
			<intention>
				<verb>	Identify  </verb>
				<parameters>
					<target>factors to improve </target>
					<mean>	</mean>
				</parameters>
			</intention>
		</erm_chunk_interface>
		<erm_chunk_body url='IAG6.7'/>
	</erm_chunk_guideline>
	<erm_chunk_descriptor>
		<objective>
			Help the organization in Identifying factors to improve.
		</objective>
		<origin></origin>
		<reuse_situation>
			<application_domain>Information System	</application_domain>
			<design_activity>ERM/Organization's readiness level improvement </design_activity>
			<organization_context>
				<organization_context>
					<internal_context>
						<budget_level> LOW</budget_level>
						<infrastructure_level> LOW	</infrastructure_level>
						<human_skills_level> MEDIUM</human_skills_level>
						<human_experience_level> MEDIUM </human_experience_level>
					</internal_context>
					<external_context>
						<national_culture type_of_culture='OBJECTIVE'/>
					</external_context>
				</organization_context>
			</organization_context>
		</reuse_situation>
		<reuse_intention>
			<verb>	Identify  </verb>
			<complex_parameters>
				<target>factors to improve </target>				
				<mean>using DEMATEL strategy </mean>
			</complex_parameters>
		</reuse_intention>
	</erm_chunk_descriptor>
</erm_chunk>