<?xml version="1.0"?>
<erm_chunk type='ATOMIC'>
	<erm_chunk_guideline>
		<erm_chunk_interface>
			<situation>
				<product_part> 	ORGANIZATION CONTEXT</product_part>
				<product_part> Data and weights on Dimensions</product_part>
				<usage_condition>
					<condition object='stakeholder' attribute='Skill' value='Mathematic'/>
				</usage_condition>
			</situation>
			<intention>
				<verb>	Analyse </verb>
				<parameters>
					<target>the organization's readiness level </target>
					<mean>	</mean>
				</parameters>
			</intention>
		</erm_chunk_interface>
		<erm_chunk_body url='IAG5.6a'/>
	</erm_chunk_guideline>
	<erm_chunk_descriptor>
		<objective>
			Help the organization in assessing its readiness level
		</objective>
		<origin></origin>
		<reuse_situation>
			<application_domain>Information System	</application_domain>
			<design_activity>ERM/Organization's readiness level assessment </design_activity>
			<organization_context>
				<organization_context>
					<internal_context>
						<budget_level> LOW </budget_level>
						<infrastructure_level> LOW	</infrastructure_level>
						<human_skills_level> LOW</human_skills_level>
						<human_experience_level> LOW </human_experience_level>
					</internal_context>
					<external_context>
						<national_culture type_of_culture='OBJECTIVE'/>
					</external_context>
				</organization_context>
			</organization_context>
		</reuse_situation>
		<reuse_intention>
			<verb>	Analyse  </verb> 
			<complex_parameters>
				<target>readiness level </target>				
				<mean>using the Mean strategy of Hanafizadeh </mean>
			</complex_parameters>
		</reuse_intention>
	</erm_chunk_descriptor>
</erm_chunk>