<?xml version="1.0"?>
<erm_chunk type='COMPOSED'>
	<erm_chunk_guideline>
		<erm_chunk_interface>
			<situation>
				<product_part> 	DIMENSIONAL MODEL </product_part>
				<product_part> 	ORGANIZATION CONTEXT</product_part>
				<usage_condition >
					<condition object='stakeholder' attribute='Skill' value='Fuzzy set theory'/>
				</usage_condition>
			</situation>
			<intention>
				<verb>	Collect data </verb>
				<parameters>
					<target>readiness dimension </target>
					<mean>	</mean>
				</parameters>
			</intention>
		</erm_chunk_interface>
		<erm_chunk_body url='IAG31.4'/>
	</erm_chunk_guideline>
	<erm_chunk_descriptor>
		<objective>
			Help the organization in collecting readines dimensions' data
		</objective>
		<origin></origin>
		<reuse_situation>
			<application_domain>Information System	</application_domain>
			<design_activity>ERM/Dimensional model data gathering</design_activity>
			<design_activity> Requirement Elicitation </design_activity>
			<organization_context>
				<organization_context>
					<internal_context>
						<budget_level> LOW</budget_level>
						<infrastructure_level> LOW	</infrastructure_level>
						<human_skills_level> MEDIUM</human_skills_level>
						<human_experience_level> MEDIUM </human_experience_level>
					</internal_context>
					<external_context>
						<national_culture type_of_culture='HIGHLY SUBJECTIVE'/>
					</external_context>
				</organization_context>
			</organization_context>
		</reuse_situation>
		<reuse_intention>
			<verb>	Fill-in  </verb>
			<complex_parameters>
				<target>the dimensional model</target>				
				<mean>using a combination of Fuzzy set theory and group-work </mean>
			</complex_parameters>
		</reuse_intention>
	</erm_chunk_descriptor>
</erm_chunk>