<?xml version="1.0"?>
<erm_chunk type='ATOMIC'>
	<erm_chunk_guideline>
		<erm_chunk_interface>
			<situation>				
				<product_part> 	DIMENSIONAL MODEL </product_part>
				<product_part> 	ORGANIZATION CONTEXT</product_part>
				<usage_condition>
					<condition object='stakeholder' attribute='Skill' value='Literature review'/>
				</usage_condition>
			</situation>
			<intention>
				<verb>	Define	</verb>
				<parameters>
					<target>readiness dimension </target>
					<mean>	</mean>
				</parameters>
			</intention>
		</erm_chunk_interface>
		<erm_chunk_body url='IAG3.3'/>
	</erm_chunk_guideline>
	<erm_chunk_descriptor>
		<objective>
			Help the organization in defining its readines dimensions
		</objective>
		<origin></origin>
		<reuse_situation>
			<application_domain>Information System	</application_domain>
			<design_activity>ERM/Dimensional model design </design_activity>
			<organization_context>
				<organization_context>
					<internal_context>
						<budget_level> LOW</budget_level>
						<infrastructure_level> LOW	</infrastructure_level>
						<human_skills_level> LOW</human_skills_level>
						<human_experience_level> LOW </human_experience_level>
					</internal_context>
					<external_context>
						<national_culture type_of_culture='OBJECTIVE'/>
					</external_context>
				</organization_context>
			</organization_context>
		</reuse_situation>
		<reuse_intention>
			<verb>	Define  </verb>
			<complex_parameters>
				<target>readiness dimensions</target>	 using the Literature review strategy. 			
				<direction>by extending the dimensional model</direction>
				<mean>using the Literature review strategy</mean>				
			</complex_parameters>
		</reuse_intention>
	</erm_chunk_descriptor>
</erm_chunk>