<?xml version="1.0"?>
<erm_chunk type='COMPOSED'>
	<erm_chunk_guideline>
		<erm_chunk_interface>
			<situation>
				<product_part> 	ORGANIZATION CONTEXT</product_part>
				<product_part> 	Readiness level</product_part>
				<usage_condition>
					<condition object='stakeholder' attribute='Skill' value='NSGAII'/>
				</usage_condition>
			</situation>
			<intention>
				<verb>	Define  </verb>
				<parameters>
					<target>Improvement plan </target>
					<mean>	</mean>
				</parameters>
			</intention>
		</erm_chunk_interface>
		<erm_chunk_body url='IAG7.8'/>
	</erm_chunk_guideline>
	<erm_chunk_descriptor>
		<objective>
			Help the organization in defining an improvement plan
		</objective>
		<origin></origin>
		<reuse_situation>
			<application_domain>Information System	</application_domain>
			<design_activity>ERM/Organization's readiness level improvement </design_activity>
			<organization_context>
				<organization_context>
					<internal_context>
						<budget_level> MEDIUM</budget_level>
						<infrastructure_level> MEDIUM	</infrastructure_level>
						<human_skills_level> HIGH</human_skills_level>
						<human_experience_level> HIGH </human_experience_level>
					</internal_context>
					<external_context>
						<national_culture type_of_culture='OBJECTIVE'/>
					</external_context>
				</organization_context>
			</organization_context>
		</reuse_situation>
		<reuse_intention>
			<verb>	Define   </verb>
			<complex_parameters>
				<target>improvement plan </target>				
				<mean> following NSGA II strategy  </mean>
			</complex_parameters>
		</reuse_intention>
	</erm_chunk_descriptor>
</erm_chunk>