<?xml version="1.0"?>
<erm_chunk type='ATOMIC'>
	<erm_chunk_guideline>
		<erm_chunk_interface>
			<situation>
				<product_part> ORGANIZATION CONTEXT</product_part>
				<product_part> 	DATA ON DIMENSIONS</product_part>
				<usage_condition operator="AND">
					<condition object='stakeholder' attribute='Skill' value='D-S Combination'/>
					<condition object='stakeholder' attribute='Profile' value='Erp Expert'/>
				</usage_condition>
			</situation>
			<intention>
				<verb>	Compute </verb>
				<parameters>
					<target>Dimensions' weights </target>
					<mean>	</mean>
				</parameters>
			</intention>
		</erm_chunk_interface>
		<erm_chunk_body url='IAG4.5a'/>
	</erm_chunk_guideline>
	<erm_chunk_descriptor>
		<objective>
			Help the organization in computing the weights of readiness dimensions
		</objective>
		<origin></origin>
		<reuse_situation>
			<application_domain>ERM/Dimensional model weight computation</application_domain>
			<application_domain>Decision making</application_domain>
			<design_activity>ERM/Dimensional model design </design_activity>
			<organization_context>
				<organization_context>
					<internal_context>
						<budget_level> MEDIUM</budget_level>
						<infrastructure_level> LOW	</infrastructure_level>
						<human_skills_level> MEDIUM</human_skills_level>
						<human_experience_level> MEDIUM </human_experience_level>
					</internal_context>
					<external_context>
						<national_culture type_of_culture='OBJECTIVE'/>
					</external_context>
				</organization_context>
			</organization_context>
		</reuse_situation>
		<reuse_intention>
			<verb>	Compute  </verb>
			<complex_parameters>
				<target>Dimensions' weights</target>				
				<mean> using D-S combination strategy</mean>
			</complex_parameters>
		</reuse_intention>
	</erm_chunk_descriptor>
</erm_chunk>