<?xml version="1.0" encoding="UTF-8"?>
<erm_repository xml:lang="en" >

  <erm_chunk type='ATOMIC'>
    <erm_chunk_guideline>
      <erm_chunk_interface>
        <situation>
          <product_part> 	ORGANIZATION CONTEXT</product_part>
          <usage_condition>
            <condition object='stakeholder' attribute='Skill' value='Literature Review'/>
          </usage_condition>
        </situation>
        <intention>
          <verb>	Define	</verb>
          <parameters>
            <target>readiness dimension </target>
          </parameters>
        </intention>
      </erm_chunk_interface>
      <erm_chunk_body url='IAG2.3'/>
    </erm_chunk_guideline>
    <erm_chunk_descriptor>
      <objective>
        Help the organization in defining its readines dimensions
      </objective>
      <reuse_situation>
        <application_domain>Information System	</application_domain>
        <design_activity>ERM/Dimensional model design </design_activity>
        <organization_context>
          <organization_context>
            <internal_context>
              <budget_level>LOW</budget_level>
              <infrastructure_level>LOW</infrastructure_level>
              <human_skills_level>LOW</human_skills_level>
              <human_experience_level>LOW</human_experience_level>
            </internal_context>
            <external_context>
              <culture_orientation>OBJECTIVE</culture_orientation>
            </external_context>
          </organization_context>
        </organization_context>
      </reuse_situation>
      <reuse_intention>
        <verb>	Define  </verb>
        <complex_parameters>
          <target>readiness dimensions</target>
          <mean>following a literature review strategy</mean>
        </complex_parameters>
      </reuse_intention>
    </erm_chunk_descriptor>
  </erm_chunk>

  <erm_chunk type='ATOMIC'>
    <erm_chunk_guideline>
      <erm_chunk_interface>
        <situation>
          <product_part> 	ORGANIZATION CONTEXT</product_part>
          <usage_condition>
            <condition object='stakeholder' attribute='Skill' value='Survey analysis'/>
          </usage_condition>
        </situation>
        <intention>
          <verb>	Define	</verb>
          <parameters>
            <target>readiness dimension </target>
            <mean>	</mean>
          </parameters>
        </intention>
      </erm_chunk_interface>
      <erm_chunk_body url='IAG2.3a'/>
    </erm_chunk_guideline>
    <erm_chunk_descriptor>
      <objective>
        Help the organization in defining its readines dimensions
      </objective>
      <origin></origin>
      <reuse_situation>
        <application_domain>Information System	</application_domain>
        <design_activity>ERM/Dimensional model design </design_activity>
        <organization_context>
          <organization_context>
            <internal_context>
              <budget_level>LOW</budget_level>
              <infrastructure_level>LOW</infrastructure_level>
              <human_skills_level>LOW</human_skills_level>
              <human_experience_level>LOW</human_experience_level>
            </internal_context>
            <external_context>
              <culture_orientation>OBJECTIVE</culture_orientation>
            </external_context>
          </organization_context>
        </organization_context>
      </reuse_situation>
      <reuse_intention>
        <verb>	Define  </verb>
        <complex_parameters>
          <target>readiness dimensions</target>				
          <mean>following a Survey analysis strategy</mean>
        </complex_parameters>
      </reuse_intention>
    </erm_chunk_descriptor>
  </erm_chunk>

  <erm_chunk type='ATOMIC'>
    <erm_chunk_guideline>
      <erm_chunk_interface>
        <situation>				
          <product_part> 	DIMENSIONAL MODEL </product_part>
          <product_part> 	ORGANIZATION CONTEXT</product_part>
          <usage_condition>
            <condition object='stakeholder' attribute='Skill' value='Literature review'/>
          </usage_condition>
        </situation>
        <intention>
          <verb>	Define	</verb>
          <parameters>
            <target>readiness dimension </target>
            <mean>	</mean>
          </parameters>
        </intention>
      </erm_chunk_interface>
      <erm_chunk_body url='IAG3.3'/>
    </erm_chunk_guideline>
    <erm_chunk_descriptor>
      <objective>
        Help the organization in defining its readines dimensions
      </objective>
      <origin></origin>
      <reuse_situation>
        <application_domain>Information System	</application_domain>
        <design_activity>ERM/Dimensional model design </design_activity>
        <organization_context>
          <organization_context>
            <internal_context>
              <budget_level>LOW</budget_level>
              <infrastructure_level>LOW</infrastructure_level>
              <human_skills_level>LOW</human_skills_level>
              <human_experience_level>LOW</human_experience_level>
            </internal_context>
            <external_context>
              <culture_orientation>OBJECTIVE</culture_orientation>
            </external_context>
          </organization_context>
        </organization_context>
      </reuse_situation>
      <reuse_intention>
        <verb>	Define  </verb>
        <complex_parameters>
          <target>readiness dimensions</target>	 using the Literature review strategy. 			
          <direction>by extending the dimensional model</direction>
          <mean>using the Literature review strategy</mean>				
        </complex_parameters>
      </reuse_intention>
    </erm_chunk_descriptor>
  </erm_chunk>

  <erm_chunk type='COMPOSED'>
    <erm_chunk_guideline>
      <erm_chunk_interface>
        <situation>
          <product_part> 	DIMENSIONAL MODEL </product_part>
          <product_part> 	ORGANIZATION CONTEXT</product_part>
          <usage_condition operator="OR">
            <condition object='stakeholder' attribute='Skill' value='Focus group'/>
            <condition object='stakeholder' attribute='Skill' value='Questionnaire'/>
          </usage_condition>
        </situation>
        <intention>
          <verb>	Collect data </verb>
          <parameters>
            <target>readiness dimension </target>
            <mean>	</mean>
          </parameters>
        </intention>
      </erm_chunk_interface>
      <erm_chunk_body url='IAG3.4'/>
    </erm_chunk_guideline>
    <erm_chunk_descriptor>
      <objective>
        Help the organization in collecting readines dimensions' data
      </objective>
      <origin></origin>
      <reuse_situation>
        <application_domain>Information System	</application_domain>
        <design_activity>ERM/Dimensional model data gathering</design_activity>
        <design_activity> Requirement Elicitation </design_activity>
        <organization_context>
          <organization_context>
            <internal_context>
              <budget_level>MEDIUM</budget_level>
              <infrastructure_level>LOW</infrastructure_level>
              <human_skills_level>MEDIUM</human_skills_level>
              <human_experience_level>MEDIUM</human_experience_level>
            </internal_context>
            <external_context>
              <culture_orientation>OBJECTIVE</culture_orientation>
            </external_context>
          </organization_context>
        </organization_context>
      </reuse_situation>
      <reuse_intention>
        <verb>	Fill-in  </verb>
        <complex_parameters>
          <target>the dimensional model</target>				
          <mean>using questionnaire or focus group</mean>
        </complex_parameters>
      </reuse_intention>
    </erm_chunk_descriptor>
  </erm_chunk>

<erm_chunk type='COMPOSED'>
	<erm_chunk_guideline>
		<erm_chunk_interface>
			<situation>
				<product_part> 	ORGANIZATION CONTEXT</product_part>
				<product_part> DIMENSIONAL MODEL</product_part>
				<usage_condition>
					<condition object='stakeholder' attribute='Skill' value='Fuzzy Cognitive Map'/>
				</usage_condition>
			</situation>
			<intention>
				<verb>	Analyse 	</verb>
				<parameters>
					<target>the organization's readiness level </target>
					<mean>	</mean>
				</parameters>
			</intention>
		</erm_chunk_interface>
		<erm_chunk_body url='IAG3.6'/>
	</erm_chunk_guideline>
	<erm_chunk_descriptor>
		<objective>
			Help the organization in assessing its readiness level
		</objective>
		<origin></origin>
		<reuse_situation>
			<application_domain>Information System	</application_domain>
			<design_activity>ERM/Organization's readiness level assessment </design_activity>
			<organization_context>
				<organization_context>
					<internal_context>
						<budget_level> MEDIUM </budget_level>
						<infrastructure_level>LOW</infrastructure_level>
						<human_skills_level> MEDIUM</human_skills_level>
						<human_experience_level> MEDIUM </human_experience_level>
					</internal_context>
					<external_context>
						<culture_orientation>SUBJECTIVE</culture_orientation>
					</external_context>
				</organization_context>
			</organization_context>
		</reuse_situation>
		<reuse_intention>
			<verb>	Analyse  </verb>
			<complex_parameters>
				<target>readiness level </target>				
				<mean>using the FCM strategy </mean>
			</complex_parameters>
		</reuse_intention>
	</erm_chunk_descriptor>
</erm_chunk>

  <erm_chunk type='COMPOSED'>
    <erm_chunk_guideline>
      <erm_chunk_interface>
        <situation>
          <product_part> 	ORGANIZATION CONTEXT</product_part>
          <product_part> DIMENSIONAL MODEL</product_part>
          <usage_condition>
            <condition object='stakeholder' attribute='Skill' value='Fuzzy Analytic Network Process'/>
          </usage_condition>
        </situation>
        <intention>
          <verb>	Analyse 	</verb>
          <parameters>
            <target>the organization's readiness level </target>
            <mean>	</mean>
          </parameters>
        </intention>
      </erm_chunk_interface>
      <erm_chunk_body url='IAG3.6a'/>
    </erm_chunk_guideline>
    <erm_chunk_descriptor>
      <objective>
        Help the organization in assessing its readiness level
      </objective>
      <origin></origin>
      <reuse_situation>
        <application_domain>Information System	</application_domain>
        <design_activity>ERM/Organization's readiness level assessment </design_activity>
        <organization_context>
          <organization_context>
            <internal_context>
              <budget_level> MEDIUM </budget_level>
              <infrastructure_level> LOW	</infrastructure_level>
              <human_skills_level> MEDIUM</human_skills_level>
              <human_experience_level> MEDIUM </human_experience_level>
            </internal_context>
            <external_context>
              <culture_orientation>SUBJECTIVE</culture_orientation>
            </external_context>
          </organization_context>
        </organization_context>
      </reuse_situation>
      <reuse_intention>
        <verb>	Analyse  </verb>
        <complex_parameters>
          <target>readiness level </target>				
          <mean>using the FANP strategy </mean>
        </complex_parameters>
      </reuse_intention>
    </erm_chunk_descriptor>
  </erm_chunk>

  <erm_chunk type='COMPOSED'>
    <erm_chunk_guideline>
      <erm_chunk_interface>
        <situation>
          <product_part> 	ORGANIZATION CONTEXT</product_part>
          <product_part> DIMENSIONAL MODEL</product_part>
          <usage_condition>
            <condition object='stakeholder' attribute='Skill' value='Fuzzy Expert System'/>
          </usage_condition>
        </situation>
        <intention>
          <verb>	Analyse </verb>
          <parameters>
            <target>the organization's readiness level </target>
            <mean>	</mean>
          </parameters>
        </intention>
      </erm_chunk_interface>
      <erm_chunk_body url='IAG3.6b'/>
    </erm_chunk_guideline>
    <erm_chunk_descriptor>
      <objective>
        Help the organization in assessing its readiness level
      </objective>
      <origin></origin>
      <reuse_situation>
        <application_domain>Information System	</application_domain>
        <design_activity>ERM/Organization's readiness level assessment </design_activity>
        <organization_context>
          <organization_context>
            <internal_context>
              <budget_level>LOW</budget_level>
              <infrastructure_level>LOW</infrastructure_level>
              <human_skills_level>MEDIUM</human_skills_level>
              <human_experience_level>MEDIUM</human_experience_level>
            </internal_context>
            <external_context>
              <culture_orientation>SUBJECTIVE</culture_orientation>
            </external_context>
          </organization_context>
        </organization_context>
      </reuse_situation>
      <reuse_intention>
        <verb>	Analyse  </verb>
        <complex_parameters>
          <target>readiness level </target>				
          <mean>using the FES strategy </mean>
        </complex_parameters>
      </reuse_intention>
    </erm_chunk_descriptor>
  </erm_chunk>

  <erm_chunk type='ATOMIC'>
    <erm_chunk_guideline>
      <erm_chunk_interface>
        <situation>
          <product_part> 	ORGANIZATION CONTEXT</product_part>
          <product_part> 	DATA ON DIMENSIONS</product_part>
          <usage_condition>
            <condition object='stakeholder' attribute='Skill' value='Analytic Hierarchy Process'/>
          </usage_condition>
        </situation>
        <intention>
          <verb>	Compute </verb>
          <parameters>
            <target>Dimensions' weights </target>
            <mean>	</mean>
          </parameters>
        </intention>
      </erm_chunk_interface>
      <erm_chunk_body url='IAG4.5'/>
    </erm_chunk_guideline>
    <erm_chunk_descriptor>
      <objective>
        Help the organization in computing the weights of readiness dimensions
      </objective>
      <origin></origin>
      <reuse_situation>
        <application_domain>ERM/Dimensional model weight computation</application_domain>
        <application_domain>Decision making</application_domain>
        <design_activity>ERM/Dimensional model design </design_activity>
        <organization_context>
          <organization_context>
            <internal_context>
              <budget_level>LOW</budget_level>
              <infrastructure_level>LOW</infrastructure_level>
              <human_skills_level>MEDIUM</human_skills_level>
              <human_experience_level>MEDIUM</human_experience_level>
            </internal_context>
            <external_context>
              <culture_orientation>OBJECTIVE</culture_orientation>
            </external_context>
          </organization_context>
        </organization_context>
      </reuse_situation>
      <reuse_intention>
        <verb>	Compute  </verb>
        <complex_parameters>
          <target>Dimensions' weights</target>				
          <mean> using AHP strategy</mean>
        </complex_parameters>
      </reuse_intention>
    </erm_chunk_descriptor>
  </erm_chunk>

  <erm_chunk type='ATOMIC'>
    <erm_chunk_guideline>
      <erm_chunk_interface>
        <situation>
          <product_part> ORGANIZATION CONTEXT</product_part>
          <product_part> 	DATA ON DIMENSIONS</product_part>
          <usage_condition operator="AND">
            <condition object='stakeholder' attribute='Skill' value='D-S Combination'/>
            <condition object='stakeholder' attribute='Profile' value='Erp Expert'/>
          </usage_condition>
        </situation>
        <intention>
          <verb>	Compute </verb>
          <parameters>
            <target>Dimensions' weights </target>
            <mean>	</mean>
          </parameters>
        </intention>
      </erm_chunk_interface>
      <erm_chunk_body url='IAG4.5a'/>
    </erm_chunk_guideline>
    <erm_chunk_descriptor>
      <objective>
        Help the organization in computing the weights of readiness dimensions
      </objective>
      <origin></origin>
      <reuse_situation>
        <application_domain>ERM/Dimensional model weight computation</application_domain>
        <application_domain>Decision making</application_domain>
        <design_activity>ERM/Dimensional model design </design_activity>
        <organization_context>
          <organization_context>
            <internal_context>
              <budget_level>MEDIUM</budget_level>
              <infrastructure_level>LOW</infrastructure_level>
              <human_skills_level>MEDIUM</human_skills_level>
              <human_experience_level>MEDIUM</human_experience_level>
            </internal_context>
            <external_context>
              <culture_orientation>OBJECTIVE</culture_orientation>
            </external_context>
          </organization_context>
        </organization_context>
      </reuse_situation>
      <reuse_intention>
        <verb>	Compute  </verb>
        <complex_parameters>
          <target>Dimensions' weights</target>				
          <mean> using D-S combination strategy</mean>
        </complex_parameters>
      </reuse_intention>
    </erm_chunk_descriptor>
  </erm_chunk>

  <erm_chunk type='ATOMIC'>
    <erm_chunk_guideline>
      <erm_chunk_interface>
        <situation>
          <product_part> 	ORGANIZATION CONTEXT</product_part>
          <product_part> Data and weights on Dimensions</product_part>
          <usage_condition>
            <condition object='stakeholder' attribute='Skill' value='Aalytic Hierarchy Process'/>
          </usage_condition>
        </situation>
        <intention>
          <verb>	Analyse </verb>
          <parameters>
            <target>the organization's readiness level </target>
            <mean>	</mean>
          </parameters>
        </intention>
      </erm_chunk_interface>
      <erm_chunk_body url='IAG5.6'/>
    </erm_chunk_guideline>
    <erm_chunk_descriptor>
      <objective>
        Help the organization in assessing its readiness level
      </objective>
      <origin></origin>
      <reuse_situation>
        <application_domain>Information System	</application_domain>
        <design_activity>ERM/Organization's readiness level assessment </design_activity>
        <organization_context>
          <organization_context>
            <internal_context>
              <budget_level>MEDIUM</budget_level>
              <infrastructure_level>LOW</infrastructure_level>
              <human_skills_level>MEDIUM</human_skills_level>
              <human_experience_level>MEDIUM</human_experience_level>
            </internal_context>
            <external_context>
              <culture_orientation>OBJECTIVE</culture_orientation>
            </external_context>
          </organization_context>
        </organization_context>
      </reuse_situation>
      <reuse_intention>
        <verb>	Analyse  </verb> 
        <complex_parameters>
          <target>readiness level </target>				
          <mean>using the structured computation strategy of Kirmizi </mean>
        </complex_parameters>
      </reuse_intention>
    </erm_chunk_descriptor>
  </erm_chunk>

  <erm_chunk type='ATOMIC'>
    <erm_chunk_guideline>
      <erm_chunk_interface>
        <situation>
          <product_part> 	ORGANIZATION CONTEXT</product_part>
          <product_part> Data and weights on Dimensions</product_part>
          <usage_condition>
            <condition object='stakeholder' attribute='Skill' value='Mathematic'/>
          </usage_condition>
        </situation>
        <intention>
          <verb>	Analyse </verb>
          <parameters>
            <target>the organization's readiness level </target>
            <mean>	</mean>
          </parameters>
        </intention>
      </erm_chunk_interface>
      <erm_chunk_body url='IAG5.6a'/>
    </erm_chunk_guideline>
    <erm_chunk_descriptor>
      <objective>
        Help the organization in assessing its readiness level
      </objective>
      <origin></origin>
      <reuse_situation>
        <application_domain>Information System	</application_domain>
        <design_activity>ERM/Organization's readiness level assessment </design_activity>
        <organization_context>
          <organization_context>
            <internal_context>
              <budget_level>LOW</budget_level>
              <infrastructure_level>LOW</infrastructure_level>
              <human_skills_level>LOW</human_skills_level>
              <human_experience_level>LOW</human_experience_level>
            </internal_context>
            <external_context>
              <culture_orientation>OBJECTIVE</culture_orientation>
            </external_context>
          </organization_context>
        </organization_context>
      </reuse_situation>
      <reuse_intention>
        <verb>	Analyse  </verb> 
        <complex_parameters>
          <target>readiness level </target>				
          <mean>using the Mean strategy of Hanafizadeh </mean>
        </complex_parameters>
      </reuse_intention>
    </erm_chunk_descriptor>
  </erm_chunk>

  <erm_chunk type='ATOMIC'>
    <erm_chunk_guideline>
      <erm_chunk_interface>
        <situation>
          <product_part> 	ORGANIZATION CONTEXT</product_part>
          <product_part> 	Readiness level</product_part>
          <usage_condition>
            <condition object='stakeholder' attribute='Skill' value='Survey analysis'/>
          </usage_condition>
        </situation>
        <intention>
          <verb>	Analyse </verb>
          <parameters>
            <target>the organization's readiness level </target>
            <mean>	</mean>
          </parameters>
        </intention>
      </erm_chunk_interface>
      <erm_chunk_body url='IAG6.6'/>
    </erm_chunk_guideline>
    <erm_chunk_descriptor>
      <objective>
        Help the organization in assessing the satisfiability of its readiness level
      </objective>
      <origin></origin>
      <reuse_situation>
        <application_domain>Information System	</application_domain>
        <design_activity>ERM/Organization's readiness level assessment </design_activity>
        <organization_context>
          <organization_context>
            <internal_context>
              <budget_level>HIGH</budget_level>
              <infrastructure_level>LOW</infrastructure_level>
              <human_skills_level>HIGH</human_skills_level>
              <human_experience_level>HIGH</human_experience_level>
            </internal_context>
            <external_context>
              <culture_orientation>OBJECTIVE</culture_orientation>
            </external_context>
          </organization_context>
        </organization_context>
      </reuse_situation>
      <reuse_intention>
        <verb>	Analyse  </verb>
        <complex_parameters>
          <target>the readiness level </target>				
          <mean>Satisfiability assessment strategy</mean>
        </complex_parameters>
      </reuse_intention>
    </erm_chunk_descriptor>
  </erm_chunk>

  <erm_chunk type='COMPOSED'>
    <erm_chunk_guideline>
      <erm_chunk_interface>
        <situation>
          <product_part> 	ORGANIZATION CONTEXT</product_part>
          <product_part> 	Readiness level</product_part>
          <usage_condition>
            <condition object='stakeholder' attribute='Skill' value='Dematel'/>
          </usage_condition>
        </situation>
        <intention>
          <verb>Identify</verb>
          <parameters>
            <target>factors to improve </target>
            <mean>	</mean>
          </parameters>
        </intention>
      </erm_chunk_interface>
      <erm_chunk_body url='IAG6.7'/>
    </erm_chunk_guideline>
    <erm_chunk_descriptor>
      <objective>
        Help the organization in Identifying factors to improve.
      </objective>
      <origin></origin>
      <reuse_situation>
        <application_domain>Information System</application_domain>
        <design_activity>ERM/Organization's readiness level improvement</design_activity>
        <organization_context>
          <organization_context>
            <internal_context>
              <budget_level>LOW</budget_level>
              <infrastructure_level>LOW</infrastructure_level>
              <human_skills_level>MEDIUM</human_skills_level>
              <human_experience_level>MEDIUM</human_experience_level>
            </internal_context>
            <external_context>
              <culture_orientation>OBJECTIVE</culture_orientation>
            </external_context>
          </organization_context>
        </organization_context>
      </reuse_situation>
      <reuse_intention>
        <verb>	Identify  </verb>
        <complex_parameters>
          <target>factors to improve </target>				
          <mean>using DEMATEL strategy </mean>
        </complex_parameters>
      </reuse_intention>
    </erm_chunk_descriptor>
  </erm_chunk>

  <erm_chunk type='COMPOSED'>
    <erm_chunk_guideline>
      <erm_chunk_interface>
        <situation>
          <product_part>ORGANIZATION CONTEXT</product_part>
          <product_part>Readiness level</product_part>
          <usage_condition>
            <condition object='stakeholder' attribute='Skill' value='NSGAII'/>
          </usage_condition>
        </situation>
        <intention>
          <verb>Define</verb>
          <parameters>
            <target>Improvement plan</target>
            <mean>	</mean>
          </parameters>
        </intention>
      </erm_chunk_interface>
      <erm_chunk_body url='IAG7.8'/>
    </erm_chunk_guideline>
    <erm_chunk_descriptor>
      <objective>
        Help the organization in defining an improvement plan
      </objective>
      <origin></origin>
      <reuse_situation>
        <application_domain>Information System	</application_domain>
        <design_activity>ERM/Organization's readiness level improvement </design_activity>
        <organization_context>
          <organization_context>
            <internal_context>
              <budget_level>MEDIUM</budget_level>
              <infrastructure_level>MEDIUM</infrastructure_level>
              <human_skills_level>HIGH</human_skills_level>
              <human_experience_level>HIGH</human_experience_level>
            </internal_context>
            <external_context>
              <culture_orientation>OBJECTIVE</culture_orientation>
            </external_context>
          </organization_context>
        </organization_context>
      </reuse_situation>
      <reuse_intention>
        <verb>	Define   </verb>
        <complex_parameters>
          <target>improvement plan </target>				
          <mean> following NSGA II strategy  </mean>
        </complex_parameters>
      </reuse_intention>
    </erm_chunk_descriptor>
  </erm_chunk>

  <erm_chunk type='COMPOSED'>
    <erm_chunk_guideline>
      <erm_chunk_interface>
        <situation>
          <product_part> 	ORGANIZATION CONTEXT</product_part>
          <product_part> Organization's state improved</product_part>
          <usage_condition>
            <condition object='stakeholder' attribute='Skill' value='NSGAII'/>
          </usage_condition>
        </situation>
        <intention>
          <verb>	Define  </verb>
          <parameters>
            <target> readiness dimensions </target>
            <mean>	</mean>
          </parameters>
        </intention>
      </erm_chunk_interface>
      <erm_chunk_body url='IAG8.3'/>
    </erm_chunk_guideline>
    <erm_chunk_descriptor>
      <objective>
        Help the organization in selecting the dimensions to reassess
      </objective>
      <origin></origin>
      <reuse_situation>
        <application_domain>Information System</application_domain>
        <design_activity>ERM/Organization's readiness level improvement</design_activity>
        <organization_context>
          <organization_context>
            <internal_context>
              <budget_level>LOW</budget_level>
              <infrastructure_level>LOW</infrastructure_level>
              <human_skills_level>MEDIUM</human_skills_level>
              <human_experience_level>MEDIUM</human_experience_level>
            </internal_context>
            <external_context>
              <culture_orientation>OBJECTIVE</culture_orientation>
            </external_context>
          </organization_context>
        </organization_context>
      </reuse_situation>
      <reuse_intention>
        <verb>	Define   </verb>
        <complex_parameters>
          <target>dimensions to reassess </target>				
          <mean> using Selection strategy  </mean>
        </complex_parameters>
      </reuse_intention>
    </erm_chunk_descriptor>
  </erm_chunk>

  <erm_chunk type='ATOMIC'>
    <erm_chunk_guideline>
      <erm_chunk_interface>
        <situation>
          <product_part> 	ORGANIZATION CONTEXT</product_part>
          <usage_condition>
            <condition object='stakeholder' attribute='Skill' value='Ontology'/>
          </usage_condition>
        </situation>
        <intention>
          <verb>Define</verb>
          <parameters>
            <target>readiness dimension</target>
            <mean>	</mean>
          </parameters>
        </intention>
      </erm_chunk_interface>
      <erm_chunk_body url='IAG21.3'/>
    </erm_chunk_guideline>
    <erm_chunk_descriptor>
      <objective>
        Help the organization in defining its readines dimensions
      </objective>
      <origin></origin>
      <reuse_situation>
        <application_domain>Information System</application_domain>
        <design_activity>ERM/Dimensional model design</design_activity>
        <organization_context>
          <organization_context>
            <internal_context>
              <budget_level>LOW</budget_level>
              <infrastructure_level>LOW</infrastructure_level>
              <human_skills_level>MEDIUM</human_skills_level>
              <human_experience_level>MEDIUM</human_experience_level>
            </internal_context>
            <external_context>
              <culture_orientation>SUBJECTIVE</culture_orientation>
            </external_context>
          </organization_context>
        </organization_context>
      </reuse_situation>
      <reuse_intention>
        <verb>	Define  </verb>
        <complex_parameters>
          <target>readiness dimensions</target>				
          <mean>following the EOTFERD strategy</mean>
        </complex_parameters>
      </reuse_intention>
    </erm_chunk_descriptor>
  </erm_chunk>

  <erm_chunk type='COMPOSED'>
    <erm_chunk_guideline>
      <erm_chunk_interface>
        <situation>
          <product_part>DIMENSIONAL MODEL</product_part>
          <product_part>ORGANIZATION CONTEXT</product_part>
          <usage_condition >
            <condition object='stakeholder' attribute='Skill' value='Fuzzy set theory'/>
          </usage_condition>
        </situation>
        <intention>
          <verb>Collect data</verb>
          <parameters>
            <target>readiness dimension</target>
            <mean>	</mean>
          </parameters>
        </intention>
      </erm_chunk_interface>
      <erm_chunk_body url='IAG31.4'/>
    </erm_chunk_guideline>
    <erm_chunk_descriptor>
      <objective>
        Help the organization in collecting readines dimensions' data
      </objective>
      <origin></origin>
      <reuse_situation>
        <application_domain>Information System</application_domain>
        <design_activity>ERM/Dimensional model data gathering</design_activity>
        <design_activity>Requirement Elicitation</design_activity>
        <organization_context>
          <organization_context>
            <internal_context>
              <budget_level>LOW</budget_level>
              <infrastructure_level>LOW</infrastructure_level>
              <human_skills_level>MEDIUM</human_skills_level>
              <human_experience_level>MEDIUM</human_experience_level>
            </internal_context>
            <external_context>
              <culture_orientation>HIGHLY SUBJECTIVE</culture_orientation>
            </external_context>
          </organization_context>
        </organization_context>
      </reuse_situation>
      <reuse_intention>
        <verb>Fill-in</verb>
        <complex_parameters>
          <target>the dimensional model</target>				
          <mean>using a combination of Fuzzy set theory and group-work </mean>
        </complex_parameters>
      </reuse_intention>
    </erm_chunk_descriptor>
  </erm_chunk>

</erm_repository>